Method,Accuracy,Training_Time,Prediction_Time
XGBoost,0.9745222929936306,1.1076717376708984,0.0030062198638916016
Random Forest,0.9697452229299363,0.19656682014465332,0.03061199188232422
Threshold-Based,0.7372611464968153,0.0,0.024037599563598633
Isolation Forest,0.5923566878980892,0.1,0.1654036045074463
Heuristic Voting,0.5971337579617835,0.0,0.03947043418884277
